Assembly Accession	Assembly Name	Organism Name	Organism Taxonomic ID
GCA_905340225.1	ilAbrTrip1.1	Abrostola tripartita	938171
GCA_946251915.1	ilAbrTril1.1	Abrostola triplasia	254365
GCA_930367205.1	ihAcaHaem1.1	Acanthosoma haemorrhoidale	483950
GCA_929443795.2	bAccGen1.2	Accipiter gentilis	8957
GCA_943193645.1	ilAceEphe1.1	Acentria ephemerella	1666818
GCA_947623365.1	ilAchFlav2.1	Achlya flavicornis	753485
GCA_949317995.1	wpAchSqua1.1	Acholoe squamosa	2922911
GCA_948252455.1	ilAclCris2.1	Acleris cristana	758705
GCA_927399475.2	ilAclEmar1.2	Acleris emargana	758706
GCA_949316455.1	ilAclHolm1.1	Acleris holmiana	572802
GCA_946894065.1	ilAclLite1.1	Acleris literana	1100899
GCA_923062465.1	ilAclSpar1.1	Acleris sparsana	758717
GCA_027559615.1	bAcrTri1.pri	Acridotheres tristis	279927
GCA_943193695.1	ilAcrSuav1.1	Acrobasis suavella	1857951
GCA_947359355.1	idAcrOrbc1.1	Acrocera orbiculus	210248
GCA_910591435.1	ilAcrAcer1.1	Acronicta aceris	987859
GCA_947256265.1	ilAcrLepo1.1	Acronicta leporina	987862
GCA_946251955.1	ilAcrPsix1.1	Acronicta psi	987865
GCA_910592335.1	icAdaBipu1.1	Adalia bipunctata	7084
GCA_911387785.2	ihAelAcum1.2	Aelia acuminata	1511221
GCA_949130485.1	odAgeOroi1.1	Agelas oroides	72715
GCA_950111635.1	icAgeAlni6.1	Agelastica alni	131577
GCA_927399405.1	ilAgoAren1.1	Agonopterix arenella	1594222
GCA_922987775.1	ilAgoSubp1.1	Agonopterix subpropinquella	1857958
GCA_947534325.1	icAgoFuli1.1	Agonum fuliginosum	1553040
GCA_947389935.1	icAgrCyan1.1	Agrilus cyanescens	1586972
GCA_914767915.1	ilAgrAura1.1	Agriopis aurantiaria	104476
GCA_949125355.1	ilAgrLeuc1.1	Agriopis leucophaearia	934821
GCA_932305915.1	ilAgrMarg1.1	Agriopis marginaria	190331
GCA_943789525.1	ilAgrGeni1.1	Agriphila geniculea	1660579
GCA_950108535.1	ilAgrStra1.1	Agriphila straminella	572809
GCA_928269145.1	ilAgrTris1.1	Agriphila tristella	1594226
GCA_914767755.1	ilAgrCirc1.1	Agrochola circellaris	987866
GCA_949152395.1	ilAgrLitu1.1	Agrochola litura	987869
GCA_947364205.1	ilAgrLota1.1	Agrochola lota	987870
GCA_916701695.1	ilAgrMaci1.1	Agrochola macilenta	987872
GCA_950005045.1	ilAgrExcl1.1	Agrotis exclamationis	215162
GCA_943136025.2	ilAgrPuta1.2	Agrotis puta	1857961
GCA_929113105.1	icAgrMuri1.1	Agrypnus murinus	195168
GCA_946807835.1	drAilAlti1.1	Ailanthus altissimus	2768810
GCA_008658365.1	bAlcTor1 primary	Alca torda	28689
GCA_949125135.1	ilAlcRepa2.1	Alcis repandata	174269
GCA_932294295.1	wpAliVire1.1	Alitta virens	880429
GCA_947179485.1	qeAllFusc8.1	Allacma fusca	39272
GCA_932294325.1	ilAllOxya1.1	Allophyes oxyacanthae	988056
GCA_946863875.1	iyAllPice1.1	Alloplasta piceator	2870495
GCA_946251855.1	ilAlsAesc1.1	Alsophila aescularia	104486
GCA_933228735.2	iyAmbArma2.2	Amblyteles armatorius	231887
GCA_027887145.1	bAmmCau1.pri	Ammodramus caudacutus	69262
GCA_949987685.1	fAmmMar1.1	Ammodytes marinus	146480
GCA_027579445.1	bAmmNel1.pri	Ammospiza nelsoni	2857394
GCA_949316495.1	wpAmpPaci1.1	Amphiduros pacificus	1209993
GCA_947508005.1	ilAmpLuce6.1	Amphipoea lucens	987875
GCA_945859645.1	ilAmpOcul1.1	Amphipoea oculea	987876
GCA_910594945.2	ilAmpBerb1.2	Amphipyra berbera	987877
GCA_905220435.1	ilAmpTrag2.1	Amphipyra tragopoginis	689058
GCA_900324465.3	fAnaTes1.3	Anabas testudineus	64144
GCA_014839685.1	fAnaAna1.pri	Anableps anableps	195821
GCA_949315895.1	ilAnaCroc1.1	Anania crocealis	1100908
GCA_950371115.1	ilAnaFusc1.1	Anania fuscalis	1100909
GCA_947563765.1	ilAnaInnx2.1	Anarsia innoxiella	2566270
GCA_949128115.1	icAnaMacu3.1	Anaspis maculata	295995
GCA_916049575.1	iyAncNigr1.1	Ancistrocerus nigricornis	76990
GCA_947577245.1	iyAndBuce1.1	Andrena bucephala	1542580
GCA_929108735.1	iyAndDors1.1	Andrena dorsata	1411666
GCA_946251845.1	iyAndFulv1.1	Andrena fulva	1411667
GCA_910592295.1	iyAndHaem1.1	Andrena haemorrhoa	444401
GCA_944738655.2	iyAndHatt1.2	Andrena hattorfiana	1126402
GCA_929113495.1	iyAndMinu1.1	Andrena minutula	1190802
GCA_951215215.1	iyAndTrim1.1	Andrena trimmerana	1431430
GCA_949126835.1	xgAniVort1.1	Anisus vortex	271030
GCA_943735745.2	idAnoBellAS_SP24_06.2	Anopheles bellator	139047
GCA_943734705.1	idAnoCousDA_361_x	Anopheles coustani	139045
GCA_943734765.2	idAnoZiCoDA_A2_x.2	Anopheles ziemanni	345580
GCA_914767735.1	iyAnoNige1.1	Anoplius nigerrimus	1667466
GCA_945859665.1	ilAnoMund1.1	Anorthoa munda	988060
GCA_013358685.1	fAntMac1.pri	Antennarius maculatus	882753
GCA_905404175.1	ilAntCard3.1	Anthocharis cardamines	227532
GCA_947579855.1	ilAntDeri1.1	Anticlea derivata	934824
GCA_951230915.1	cbAntCurt1.1	Antitrichia curtipendula	100465
GCA_947359405.1	ilAntChix2.1	Antitype chi	988062
GCA_027563665.1	DD_ASM_mAP_20210503	Antrozous pallidus	9440
GCA_949629185.1	ilApaCren1.1	Apamea crenata	753153
GCA_947507525.1	ilApaEpom1.1	Apamea epomidion	987880
GCA_911387795.2	ilApaMono1.2	Apamea monoglypha	875885
GCA_945859715.1	ilApaSord1.1	Apamea sordens	689061
GCA_934044485.1	ilApeSyri1.1	Apeira syringaria	934915
GCA_918807975.1	kaAplTurb1.1	Aplidium turbinatum	2771288
GCA_921293045.1	ilAplEffo1.1	Aplocera efformata	934917
GCA_017639675.1	fAplTae1.pri	Aplochiton taeniatus	946358
GCA_947579745.1	ilApoHisp1.1	Apocheima hispidaria	722657
GCA_946406115.1	ilApoLima1.1	Apoda limacodes	287200
GCA_911728435.2	icApoCory1.2	Apoderus coryli	201766
GCA_947044815.1	ilApoBist1.1	Apomyelois bistriatella	1666458
GCA_912999735.1	ilApoCrat1.1	Aporia crataegi	129397
GCA_932294355.1	ilApoLuen1.1	Aporophyla lueneburgensis	1337163
GCA_947507805.1	ilApoNigr3.1	Aporophyla nigra	988065
GCA_932273695.1	ilApoBetu1.1	Apotomis betuletana	1100915
GCA_947623375.1	ilApoCapr1.1	Apotomis capreana	989741
GCA_905147355.2	ilApoTurb1.2	Apotomis turbidana	1100916
GCA_949987775.1	ilAprTaen1.1	Aproaerema taeniolella	2566309
GCA_028858755.1	bAraAra1.hap1	Ara ararauna	9226
GCA_949709995.1	gpAraPeru1.1	Arachnomyces peruvianus	2219007
GCA_947859365.1	ilArcCraa1.1	Archips crataeganus	1857967
GCA_947563465.1	ilArcXylo1.1	Archips xylosteana	1100919
GCA_028646355.1	Arctocephalus_townsendi_HiC	Arctocephalus townsendi	161921
GCA_949825045.1	ilArgGoed1.1	Argyresthia goedartella	572725
GCA_937612035.1	ilAriArta2.1	Aricia artaxerxes	91738
GCA_947561715.1	kaAscMent1.1	Ascidia mentula	38561
GCA_900246225.5	fAstCal1.3	Astatotilapia calliptera	8154
GCA_949699075.1	ilAstSphi1.1	Asteroscopus sphinx	988069
GCA_905333075.3	ilAteCent1.3	Atethmia centrago	988071
GCA_947532105.1	ilAthMouf1.1	Athrips mouffetella	1101086
GCA_947579605.1	iiAthCine2.1	Athripsodes cinereus	446526
GCA_905146925.1	ilAutGamm1.1	Autographa gamma	254363
GCA_905475315.1	ilAutPulc1.1	Autographa pulchrina	987893
GCA_028533215.1	Babyrousa_celebensis_HiC	Babyrousa celebensis	1303000
GCA_028023285.1	mBalRic1.hap2	Balaenoptera ricei	2746895
GCA_947034835.1	daBalNigr1.1	Ballota nigra	194200
GCA_947034865.1	fBarBar1.1	Barbatula barbatula	135647
GCA_936440315.1	fBarBab1.1	Barbus barbus	40830
GCA_950370525.1	idBelBaye1.1	Bellardia bayeri	2881606
GCA_916048285.2	idBelPand1.2	Bellardia pandia	2795671
GCA_910589475.2	ilBemIchn1.2	Bembecia ichneumoniformis	301037
GCA_949128065.1	idBerChal2.1	Beris chalybata	2719050
GCA_910594885.2	idBibMarc1.1	Bibio marci	189979
GCA_905404145.2	ilBisBetu1.2	Biston betularia	82595
GCA_950106695.1	ilBisStrt2.1	Biston stratarius	722658
GCA_907269095.1	ilBlaAdus2.1	Blastobasis adustella	1869501
GCA_905147135.1	ilBlaLact1.1	Blastobasis lacticolella	2561016
GCA_947652115.1	jaBlaWell11.1	Blastomussa wellsi	419443
GCA_946965025.1	idBleFall4.1	Blera fallax	226147
GCA_905231865.2	ilBolSele5.2	Boloria selene	191398
GCA_905333015.3	iyBomCamp1.3	Bombus campestris	207624
GCA_905332935.1	iyBomHort1.1	Bombus hortorum	85660
GCA_911387925.2	iyBomHypn1.2	Bombus hypnorum	30191
GCA_905332965.1	iyBomPasc1.1	Bombus pascuorum	65598
GCA_930367275.1	iyBomPrat1.1	Bombus pratorum	30194
GCA_911622165.2	iyBomSyle1.2	Bombus sylvestris	30201
GCA_939192795.1	idBomDisc1.1	Bombylius discolor	2741128
GCA_932526495.1	idBomMajo1.1	Bombylius major	240869
GCA_949987555.1	fBorAnt1.1	Borostomias antarcticus	473354
GCA_937001585.2	ilBraVimi1.2	Brachylomia viminalis	988081
GCA_949775065.1	idBraScut1.1	Brachyopa scutellaris	2849643
GCA_945910035.1	idBraLaph1.1	Brachypalpus laphriformis	2234001
GCA_907164805.1	iBraPut3m.1	Brachyptera putata	2065413
GCA_014529535.2	BU_Bcop_v2	Bradysia coprophila	38358
GCA_947562095.1	wcBraLoba9.1	Branchellion lobata	375517
GCA_927797965.1	BraLan3	Branchiostoma lanceolatum	7740
GCA_949316355.1	icBruSili1.1	Bruchidius siliquastri	1649775
GCA_934046635.1	iyBuaLabo1.1	Buathra laborator	1419289
GCA_009769605.1	bBucAby1.pri	Bucorvus abyssinicus	153643
GCA_935421135.1	tzBugStol2.1	Bugulina stolonifera	192920
GCA_947561395.1	drBuxSemp1.1	Buxus sempervirens	4002
GCA_927399485.1	ilCalPalu1.1	Calamotropha paludella	1371681
GCA_949752705.1	ilCalDomi2.1	Callimorpha dominula	938182
GCA_942486065.2	idCalVomi1.2	Calliphora vomitoria	27454
GCA_912999815.1	ilCamMarg1.1	Campaea margaritaria	934813
GCA_948107755.1	iyCamRapt1.1	Campoletis raptor	2922060
GCA_949152465.1	icCanFlav1.1	Cantharis flavilabris	877752
GCA_947369205.1	icCanRufa1.1	Cantharis rufa	350087
GCA_911387805.1	icCanRust1.1	Cantharis rustica	195172
GCA_907165065.1	bCapEur3.1	Caprimulgus europaeus	111811
GCA_932526535.1	ilCarClav1.1	Caradrina clavipalpis	987895
GCA_947462355.1	ilCarKade1.1	Caradrina kadenii	987896
GCA_910589575.2	ilCarQuer1.2	Carcina quercana	116121
GCA_951230895.1	ilCarFugi1.1	Carpatolechia fugitivella	687316
GCA_944567765.1	ilCarPala2.1	Carterocephalus palaemon	218720
GCA_930367265.1	ilCatFrax1.1	Catocala fraxini	423510
GCA_905187575.1	ilCelArgi3.1	Celastrina argiolus	203782
GCA_949152445.1	ilCerRubr1.1	Cerastis rubricosa	988089
GCA_910591515.1	iyCerRyby1.1	Cerceris rybyensis	1167272
GCA_028627265.1	Cercopithecus_mitis_HiC	Cercopithecus mitis	36225
GCA_949128085.1	icCetAura1.1	Cetonia aurata	290679
GCA_949987625.1	iyChaSisp2.1	Chalcis sispes	1118640
GCA_949716465.1	idChaNemo1.1	Chalcosyrphus nemorum	226170
GCA_946814005.1	drChaAngu1.1	Chamaenerion angustifolium	13055
GCA_947361185.1	ilChaFerr1.1	Charanyca ferruginea	987475
GCA_948293265.1	idCheImpr3.1	Cheilosia impressa	273439
GCA_936431705.1	idChePaga1.1	Cheilosia pagana	273407
GCA_949372485.1	idCheSoro4.1	Cheilosia soror	368781
GCA_946477585.1	idCheUrba1.1	Cheilosia urbana	173985
GCA_951230905.1	idCheVari2.1	Cheilosia variabilis	273447
GCA_949126925.1	idCheVern2.1	Cheilosia vernalis	423616
GCA_916610125.1	idCheVulp2.1	Cheilosia vulpina	273409
GCA_948465745.1	dcCheAlbu1.1	Chenopodium album	3559
GCA_947359385.1	ilCheLega1.1	Chesias legatella	934925
GCA_932294275.1	ilChlSite2.1	Chloroclysta siterata	934828
GCA_947172415.1	odChoReni1.1	Chondrosia reniformis	68574
GCA_949316135.1	ilChoNemo1.1	Choreutis nemorana	1209621
GCA_028533335.1	Chrysocyon_brachyurus_HiC	Chrysocyon brachyurus	68728
GCA_944452925.2	icChrOric1.2	Chrysolina oricalcia	1587174
GCA_910589605.1	ilChrCulm1.1	Chrysoteuchia culmella	1594250
GCA_911387755.1	idChrBici1.1	Chrysotoxum bicinctum	323313
GCA_017639555.1	bCicMag1.pri	Ciconia maguari	52777
GCA_937654795.1	idCisGlob1.1	Cistogaster globosa	1918221
GCA_947623385.2	glClaSqua9.2	Cladonia squamosa	174074
GCA_947623445.1	kaClaLepa1.1	Clavelina lepadiformis	159417
GCA_950106755.1	cbCliDend2.1	Climacium dendroides	70131
GCA_947507545.1	iyCliInci1.1	Clistopyga incitator	494138
GCA_949628265.1	ieCloDipt1.1	Cloeon dipterum	197152
GCA_905475355.2	ilCloCurt1.2	Clostera curtula	987902
GCA_920105625.2	idCluTigr1.2	Clusia tigrina	576317
GCA_947623535.1	iyCoeConi1.1	Coelioxys conoideus	2922063
GCA_017309665.1	UL_Cfrigida_v1.1	Coelopa frigida	169498
GCA_947389925.1	idCoePili4.1	Coelopa pilipes	169500
GCA_028534165.1	Coendou_prehensilis_HiC	Coendou prehensilis	187985
GCA_947284805.1	ilColFlav1.1	Coleophora flavipennella	1100951
GCA_948150665.1	ilConVacc3.1	Conistra vaccinii	706635
GCA_948455865.1	ihConAnce4.1	Conomelus anceps	491269
GCA_949752815.1	idConQuad1.1	Conops quadrifasciatus	2823188
GCA_914767935.1	idCorMarg1.1	Coremacera marginata	1226616
GCA_946251885.1	ilCosPyra2.1	Cosmia pyralina	987909
GCA_905163495.3	ilCosTrap1.3	Cosmia trapezina	116126
GCA_949710035.1	ilCraLath2.1	Crambus lathoniellus	1100958
GCA_905163465.1	ilCraLigu1.1	Craniophora ligustri	938226
GCA_949710015.1	idCraPall2.1	Crataerina pallida	452744
GCA_949320105.1	icCreAure2.1	Crepidodera aurea	346762
GCA_917880715.2	idCriBerb1.2	Criorhina berberina	2663927
GCA_907269065.1	ilCroElin1.1	Crocallis elinguaria	934829
GCA_946251905.1	icCryMora2.1	Cryptocephalus moraei	204949
GCA_028646485.1	Cryptoprocta_ferox_HiC	Cryptoprocta ferox	94188
GCA_945261195.1	tzCryPall5.1	Cryptosula pallasiana	558755
GCA_905187585.1	ilCyaSemi1.1	Cyaniris semiargus	988025
GCA_946251805.1	ilCybMeso1.1	Cybosia mesomella	987918
GCA_948474715.1	ilCydAmpl1.1	Cydia amplana	1869771
GCA_910591565.2	ilCydSple1.2	Cydia splendana	1100963
GCA_947568885.1	ilCydStro3.1	Cydia strobilella	1100964
GCA_027409185.1	mCynVol1.pri	Cynocephalus volans	110931
GCA_949768715.1	icDasCerv2.1	Dascillus cervinus	285223
GCA_946251815.1	idDasAlbo1.1	Dasysyrphus albostriatus	414801
GCA_949752805.1	ilDeiElpe2.1	Deilephila elpenor	283834
GCA_905220455.2	ilDeiPorc1.2	Deilephila porcellus	644661
GCA_949752895.1	ilDenPini1.1	Dendrolimus pini	151304
GCA_900700375.2	fDenClu1.2	Denticeps clupeoides	299321
GCA_932294365.1	ilDiaChry1.1	Diachrysia chrysitis	179674
GCA_918843875.1	jaDiaLine6.1	Diadumene lineata	1789172
GCA_949125395.1	ilDiaMend1.1	Diaphora mendica	987922
GCA_949774965.1	ilDiaBrun1.1	Diarsia brunnea	987923
GCA_949775195.1	ilDiaDahl1.1	Diarsia dahlii	1804828
GCA_949316265.1	ilDiaMeni1.1	Diarsia mendica	987924
GCA_932274075.1	ilDiaRubi1.1	Diarsia rubi	987925
GCA_020826845.1	mDicBic1.mat.cur	Diceros bicornis minor	77932
GCA_948252095.1	ilDicOoxx2.1	Dicycla oo	1858094
GCA_949802685.1	qeDicMinu4.1	Dicyrtomina minuta	1387116
GCA_947459985.1	ilDilCaer1.1	Diloba caeruleocephala	987926
GCA_029229535.1	icDioCarn1.1	Diorhabda carinata	1163344
GCA_026250575.1	icDioCari1.1	Diorhabda carinulata	1163345
GCA_026230145.1	icDioElon1.1	Diorhabda elongata	217247
GCA_026230105.1	icDioSubl1.1	Diorhabda sublineata	1163346
GCA_027410445.1	aDisPic1.pri	Discoglossus pictus	8351
GCA_911387685.1	iyDolMedi1.1	Dolichovespula media	881891
GCA_911387935.1	iyDolSaxo1.1	Dolichovespula saxonica	85443
GCA_918808275.2	iyDolSylv1.2	Dolichovespula sylvestris	85444
GCA_907164885.2	qDolPla1.2	Dolomedes plantarius	257759
GCA_945859725.1	ilDreFalc1.1	Drepana falcataria	104428
GCA_948098885.1	ihDrePlat2.1	Drepanosiphum platanoidis	527648
GCA_951394115.1	idDroPhal2.1	Drosophila phalerata	7283
GCA_947859195.1	ilDryRufi1.1	Drymonia ruficornis	988178
GCA_947523025.1	ilDryLabe1.1	Dryobota labecula	2964684
GCA_917490735.1	ilDryErem1.1	Dryobotodes eremita	988106
GCA_030035585.1	mDugDug1.hap1	Dugong dugon	29137
GCA_914767535.1	ucDunPrim2.1	Dunaliella primolecta	257627
GCA_949715965.1	idDysTrig1.1	Dysmachus trigonus	468725
GCA_949318235.1	ieEcdTorr1.1	Ecdyonurus torrentis	2014018
GCA_900963305.2	fEcheNa1.2	Echeneis naucrates	173247
GCA_932527185.1	ilEclSila1.1	Ecliptopera silaceata	104457
GCA_910591665.1	iyEctCont1.1	Ectemnius continuus	1126389
GCA_910593735.2	iyEctLitu1.2	Ectemnius lituratus	2495015
GCA_028627145.1	Eidolon_dupreanum_HiC	Eidolon dupreanum	58063
GCA_949126895.1	ilEilCani1.1	Eilema caniola	987929
GCA_914767945.1	ilEilDepe1.1	Eilema depressum	987419
GCA_914829495.1	ilEilSoro1.1	Eilema sororculum	987424
GCA_951216825.1	fEleAnt2.1	Electrona antarctica	206093
GCA_947095575.1	ilEleCory1.1	Electrophaes corylata	934936
GCA_947532085.1	ilEleSimi1.1	Elegia similella	1101167
GCA_947652605.1	icElmAene2.1	Elmis aenea	186982
GCA_916618145.1	ilEmmMono1.1	Emmelina monodactyla	467774
GCA_949752835.1	idEmpSter1.1	Empis stercorea	2484550
GCA_028017835.1	rEmyOrb1.hap1	Emys orbicularis	82168
GCA_905163395.2	ilEndFlam1.2	Endotricha flammealis	1101095
GCA_905220475.3	ilEnnFusc2.3	Ennomos fuscantarius	722662
GCA_910589525.2	ilEnnQuei1.2	Ennomos quercinarius	875883
GCA_932526305.1	idEpiSucc1.1	Epicampocera succincta	569040
GCA_947049275.1	ilEpiBilu1.1	Epinotia bilunana	1594293
GCA_945867215.1	ilEpiDema1.1	Epinotia demarniana	1594294
GCA_932294315.1	ilEpiNise2.1	Epinotia nisella	989769
GCA_947578815.1	ilEpiRame1.1	Epinotia ramella	1594296
GCA_951392215.1	ilEpiChri1.1	Epirrita christyi	247947
GCA_951394125.1	idEpiElig2.1	Epistrophe eligans	1124511
GCA_929447395.1	idEpiGros1.1	Epistrophe grossulariae	1352479
GCA_947049315.1	idEpiEuco1.1	Epistrophella euchroma	414814
GCA_946965045.2	uoEpiScrs1.2	Epithemia pelagica	2809013
GCA_951640355.1	mEptNil1.1	Eptesicus nilssonii	59451
GCA_905404285.2	ilEraDefo1.2	Erannis defoliaria	104474
GCA_923060345.2	ilEreAeth2.2	Erebia aethiops	447833
GCA_917051295.2	ilEreLige1.2	Erebia ligea	111903
GCA_949629135.1	ilEreOchr1.1	Eremobia ochroleuca	1870628
GCA_028451465.1	mEreDor1.pri	Erethizon dorsatum	34844
GCA_944738645.1	idEriSepu1.1	Eristalinus sepulchralis	2725509
GCA_916610145.1	idEriArbu1.1	Eristalis arbustorum	1124515
GCA_907269125.1	idEriPert2.1	Eristalis pertinax	1572519
GCA_905231855.2	idEriTena2.2	Eristalis tenax	198635
GCA_903797595.2	bEriRub2.2	Erithacus rubecula	37610
GCA_905147235.1	ilEryTage1.1	Erynnis tages	520884
GCA_028021215.1	mEscRob2.pri	Eschrichtius robustus	9764
GCA_947086405.1	ilEspSulp1.1	Esperia sulphurella	2870497
GCA_028564815.1	mEubGla1.hap2	Eubalaena glacialis	27606
GCA_944739405.2	ilEucMixx1.2	Euclidia mi	938167
GCA_947034925.1	ilEudProf1.1	Eudemis profundana	1100989
GCA_947562085.1	ilEudLacu3.1	Eudonia lacustrata	1100991
GCA_949315975.1	ilEudTrun2.1	Eudonia truncicolella	753179
GCA_947578425.1	ilEugGlar6.1	Eugnorisma glareosa	988114
GCA_028534055.1	Eulemur_mongoz_HiC	Eulemur mongoz	34828
GCA_029931775.1	rEulEur1.hap1	Euleptes europaea	460621
GCA_918843925.1	ilEulPrun1.1	Eulithis prunata	934839
GCA_947507515.1	ilEulTest2.1	Eulithis testata	326959
GCA_920104205.1	idEupLati1.1	Eupeodes latifasciatus	1124558
GCA_951509635.1	idEupLuni2.1	Eupeodes luniger	1124559
GCA_943735965.1	ilEupAbbr2.1	Eupithecia abbreviata	934840
GCA_944547425.1	ilEupCent1.1	Eupithecia centaureata	934844
GCA_947044415.1	ilEupDodo1.1	Eupithecia dodoneata	934845
GCA_947086465.1	ilEupExig1.1	Eupithecia exiguata	934847
GCA_947859395.1	ilEupInsi1.1	Eupithecia insigniata	986977
GCA_949316285.1	ilEupSubu1.1	Eupithecia subumbrata	986984
GCA_946478455.1	ilEupVulg1.1	Eupithecia vulgata	934866
GCA_921972225.1	ilEupLuci1.1	Euplexia lucipara	987933
GCA_905147225.2	ilEupSimi1.2	Euproctis similis	987935
GCA_914767815.1	ilEupTran1.1	Eupsilia transversa	116130
GCA_950022335.1	ilEurOccu1.1	Eurois occulta	987425
GCA_949748255.1	idEusHist1.1	Eustalomyia histrio	2881975
GCA_947363495.1	ilEuzPing2.1	Euzophera pinguis	1366396
GCA_905404265.1	ilFabAdip1.1	Fabriciana adippe	405009
GCA_023638135.1	bFalBia1.pri	Falco biarmicus	345155
GCA_028533295.1	Felis_nigripes_HiC	Felis nigripes	61379
GCA_947568875.1	ilFisYpsi1.1	Fissipunctia ypsillon	987458
GCA_946902895.1	xbFraFrag2.1	Fragum fragum	80821
GCA_948146395.1	xbFraWhit1.1	Fragum whitleyi	1699438
GCA_911728495.1	ilFurFurc1.1	Furcula furcula	987943
GCA_948470475.1	jaGalFasc40.1	Galaxea fascicularis	46745
GCA_947859175.1	ilGanPyra1.1	Gandaritis pyraliata	934938
GCA_922989275.2	xbGarTell2.3	Gari tellinella	2589376
GCA_949825005.1	iyGasJacu1.1	Gasteruption jaculator	2718756
GCA_949152435.1	iyGasPulc2.1	Gastracanthus pulcherrimus	2922068
GCA_027917425.1	aGasCar1.pri	Gastrophryne carolinensis	8429
GCA_009764595.1	bGeoTri1.pri	Geothlypis trichas	135433
GCA_902459505.2	aGeoSer1.2	Geotrypetes seraphini	260995
GCA_951217055.1	ihGerLacu2.1	Gerris lacustris	108914
GCA_946800695.1	drGeuUrba1.1	Geum urbanum	57919
GCA_936450465.1	xgGibMagu1.1	Gibbula magus	703304
GCA_905404095.1	ilGlaAlex1.1	Glaucopsyche alexis	203781
GCA_949316385.1	ilGloSpar1.1	Globia sparganii	1660644
GCA_936435175.1	iiGlyPell1.1	Glyphotaelius pellucidus	1271742
GCA_029298725.1	icGnaCorn1.1	Gnatocerus cornutus	1553328
GCA_949357685.1	fGobGob1.1	Gobio gobio	27704
GCA_946811695.1	ihGonAcut1.1	Gonocerus acuteangulatus	1545138
GCA_900634775.2	fGouWil2.2	Gouania willdenowi	441366
GCA_028646425.1	Grampus_griseus_HiC	Grampus griseus	83653
GCA_916610205.1	ilGriApri1.1	Griposia aprilina	1101106
GCA_929108375.1	ilGymRufi1.1	Gymnoscelis rufifasciata	934940
GCA_916610165.2	idGymRotn1.2	Gymnosoma rotundatum	569046
GCA_028022735.1	bGypBar2.pri	Gypaetus barbatus	33610
GCA_907165245.1	ilHabPyri1.1	Habrosyne pyritoides	721137
GCA_027477595.1	bHaeMex1.pri	Haemorhous mexicanus	30427
GCA_916610825.1	jrHalOcto1.1	Haliclystus octoradiatus	313498
GCA_937662695.2	icHalSede1.2	Halyzia sedecimguttata	347359
GCA_947462335.1	wpHarImpa5.1	Harmothoe impar	46595
GCA_905332915.2	ilHecDyso1.2	Hecatera dysodea	988125
GCA_947179155.2	drHedHeli1.2	Hedera helix	4052
GCA_905404275.2	ilHedSali1.2	Hedya salicella	1869985
GCA_028533245.1	Helarctos_malayanus_HiC	Helarctos malayanus	9634
GCA_907164795.1	iHemFuc1.1	Hemaris fuciformis	987953
GCA_020745705.1	bHemCom1.pri.cur	Hemiprocne comata	243314
GCA_020745735.1	sHemOce1.pat.X.cur.	Hemiscyllium ocellatum	170820
GCA_947063395.1	ilHemChry1.1	Hemistola chrysoprasaria	934942
GCA_947507615.1	ilHemAest2.1	Hemithea aestivaria	572857
GCA_945859575.2	ilHerTari1.2	Herminia tarsipennalis	987440
GCA_905404135.1	ilHesComm1.1	Hesperia comma	291688
GCA_028571685.1	mHetBru1.pri	Heterohyrax brucei	77598
GCA_951394025.1	idHetRotu1.1	Heteromyza rotundicornis	2867252
GCA_933228805.2	ilHipSeme1.2	Hipparchia semele	111912
GCA_030028045.1	mHipAmp2.hap2	Hippopotamus amphibius kiboko	575201
GCA_946811185.1	xbHipHipp8.1	Hippopus hippopus	80818
GCA_949708635.1	idHirCame2.1	Hirtodrosophila cameraria	1262473
GCA_015227805.3	bHirRus1.pri.v3	Hirundo rustica	43150
GCA_947369225.1	ilHofPseu3.1	Hofmannophila pseudospretella	572861
GCA_029633875.1	fHopMal1.hap2	Hoplias malabaricus	27720
GCA_949774945.1	ilHopAmbi1.1	Hoplodrina ambigua	875924
GCA_949316365.1	ilHopBlan1.1	Hoplodrina blanda	987956
GCA_914767645.1	ilHydMica1.1	Hydraecia micacea	214171
GCA_912999785.1	ilHydFurc1.1	Hydriomena furcata	104460
GCA_029499605.1	aHylSar1.hap1	Hyla sarda	327740
GCA_905147375.1	ilHylFasc1.1	Hylaea fasciaria	722673
GCA_905147285.1	ilHypProb1.1	Hypena proboscidalis	753189
GCA_949752795.1	mHypAmp2.1	Hyperoodon ampullatus	48744
GCA_949357725.1	fHypImm3.1	Hyperoplus immaculatus	1484357
GCA_949316475.1	ilHypPunc1.1	Hypomecis punctinalis	439567
GCA_937001555.2	ilHypCost1.2	Hypsopygia costalis	1101110
GCA_917499995.1	iyIchXant1.1	Ichneumon xanthorius	2795680
GCA_907269075.1	ilIdaAver1.1	Idaea aversata	104447
GCA_949358125.1	ilIdaDimi2.1	Idaea dimidiata	572776
GCA_951213275.1	ilIdaStra1.1	Idaea straminata	104449
GCA_946894095.1	ilIncMasc1.2	Incurvaria masculella	101737
GCA_921293095.2	ioIscEleg1.2	Ischnura elegans	197161
GCA_945910005.1	ipIsoGram3.1	Isoperla grammatica	552050
GCA_026419965.1	mKogBre1 haplotype 1	Kogia breviceps	27615
GCA_950371165.1	ilLacOler1.1	Lacanobia oleracea	79499
GCA_947578705.1	ilLacWlai2.1	Lacanobia wlatinum	987426
GCA_951394315.1	gfLacEvos1.1	Lactarius evosmus	326039
GCA_949774975.1	mLagAlb1.1	Lagenorhynchus albirostris	27610
GCA_028533205.1	Lagorchestes_hirsutus_HiC	Lagorchestes hirsutus	65632
GCA_947359425.1	icLagHirt1.1	Lagria hirta	296003
GCA_948098915.1	ilLamSuff1.1	Lampropteryx suffumata	934945
GCA_905220505.1	ilLaoPopu1.1	Laothoe populi	522836
GCA_916610255.1	iyLasLatv2.1	Lasioglossum lativentre	88531
GCA_916610235.2	iyLasMori1.2	Lasioglossum morio	88514
GCA_933228785.1	iyLasPaux1.1	Lasioglossum pauxillum	88516
GCA_928268935.1	ilLasMege1.1	Lasiommata megera	111917
GCA_949152495.1	iyLasFuli2.1	Lasius fuliginosus	231986
GCA_905147015.1	ilLasFlex1.1	Laspeyria flexula	938238
GCA_949128165.1	ilLatStri6.1	Lathronympha strigana	1594361
GCA_933228885.1	icLeiSpin1.1	Leistus spinibarbis	878056
GCA_028533165.1	Leontopithecus_rosalia_HiC	Leontopithecus rosalia	30588
GCA_936440205.1	wpLepClav1.1	Lepidonotus clava	1210411
GCA_947310635.1	icLepHoch12.1	Leptodirus hochenwartii	2996356
GCA_948253155.1	ilLeuSali1.1	Leucoma salicis	688415
GCA_949987735.1	idLeuObtu2.1	Leucophora obtusa	2588525
GCA_932273885.2	idLeuLate1.2	Leucozona laternaria	323312
GCA_934045905.1	ipLeuNigr2.1	Leuctra nigra	143735
GCA_947049295.1	ilLigAdus1.1	Ligdia adustata	934875
GCA_905147385.1	ilLimCami1.1	Limenitis camilla	270466
GCA_917563855.2	iiLimLuna2.2	Limnephilus lunatus	1218281
GCA_917880885.1	iiLimMarm1.1	Limnephilus marmoratus	1271730
GCA_929108145.2	iiLimRhom1.2	Limnephilus rhombicus	692089
GCA_948329865.1	daLinVulg1.1	Linaria vulgaris	43171
GCA_910592395.2	tnLinLong1.2	Lineus longissimus	88925
GCA_949152455.1	ilLitLeau1.1	Lithophane leautieri	1870035
GCA_948473465.1	ilLitOrni1.1	Lithophane ornitopus	987973
GCA_947363905.1	ilLitSemi2.1	Lithophane semibrunnea	997537
GCA_947522985.1	ilLitSoci1.1	Lithophane socia	997538
GCA_932526365.1	ilLobHalt1.1	Lobophora halterata	934876
GCA_949126875.1	icLocCapr1.1	Lochmaea capreae	227480
GCA_947563755.1	icLocCrat2.1	Lochmaea crataegi	1143063
GCA_948107665.1	ilLomBima1.1	Lomographa bimaculata	393326
GCA_949709985.1	ilLufFerc1.1	Luffia ferchaultella	1870047
GCA_949987565.1	eaLuiSars1.1	Luidia sarsii	2723838
GCA_945859605.1	wcLumRube1.1	Lumbricus rubellus	35632
GCA_949752735.1	wcLumTerr1.1	Lumbricus terrestris	6398
GCA_948567375.1	cmLunCruc20.1	Lunularia cruciata	56931
GCA_927399505.1	ilLupTest1.1	Luperina testacea	988174
GCA_946800325.1	lpLuzSylv1.1	Luzula sylvatica	59018
GCA_905333005.2	ilLycPhla1.2	Lycaena phlaeas	282391
GCA_947563715.1	ilLycHirt1.1	Lycia hirtaria	326963
GCA_028022725.1	fLycPai1.hap2	Lycodopsis pacificus	1772091
GCA_950005105.1	ilLycPorp1.1	Lycophotia porphyrea	987975
GCA_905163515.2	ilLymMona1.2	Lymantria monacha	78897
GCA_947311025.1	idLypDubi1.1	Lypha dubia	1776473
GCA_905333045.1	ilLysBell1.1	Lysandra bellargus	138070
GCA_905220515.1	ilLysCori1.1	Lysandra coridon	268709
GCA_927399415.1	ilMacNota1.1	Macaria notata	688445
GCA_933228815.1	idMacAtri3.1	Machimus atricapillus	2794001
GCA_951509405.1	idMacRust1.1	Machimus rusticus	1717430
GCA_949628255.1	iyMacAlbo1.1	Macrophya alboannulata	1384894
GCA_916610135.2	iyMacEuro1.2	Macropis europaea	253715
GCA_028583105.1	mf-2k	Macropus fuliginosus	9316
GCA_028627215.1	mg-2k	Macropus giganteus	9317
GCA_910589415.1	icMalBipu1.1	Malachius bipustulatus	295700
GCA_950108345.1	icMalFlav1.1	Malthinus flaveolus	195224
GCA_916048215.3	drMalSylv7.3	Malus sylvestris	3752
GCA_905163435.1	ilMamBras1.1	Mamestra brassicae	55057
GCA_902806685.2	iAphHyp1.2	Maniola hyperantus	2795564
GCA_923062675.1	ilMarLuna1.1	Marasmarcha lunaedactyla	1594453
GCA_911728455.2	eaMarGlac1.2	Marthasterias glacialis	7609
GCA_900324485.3	fMasArm1.3	Mastacembelus armatus	205130
GCA_946902985.1	iqMecThal1.1	Meconema thalassinum	494438
GCA_949319885.1	ilMecFlav1.1	Mecyna flavalis	1502335
GCA_946800305.1	drMedArab1.1	Medicago arabica	70936
GCA_945859555.1	iyMegLign1.1	Megachile ligniseca	1542540
GCA_945859595.2	iyMegWill1.2	Megachile willughbiella	481575
GCA_936450015.1	ilMegAlbu1.1	Meganola albula	987977
GCA_920104075.1	ilMelGala2.1	Melanargia galathea	111923
GCA_947386135.1	ilMelPers1.1	Melanchra persicariae	987979
GCA_949320155.1	idMelQuad1.1	Melangyna quadrimaculata	2884232
GCA_949748355.1	fMelGel1.1	Melanostigma gelatinosum	1091424
GCA_914767635.1	idMelMell2.1	Melanostoma mellinum	653684
GCA_949752695.1	idMelScal2.1	Melanostoma scalare	92598
GCA_922984935.2	mMelMel3.2 paternal haplotype	Meles meles	9662
GCA_948107695.1	idMelAuri2.1	Meliscaeva auricollis	431829
GCA_905220545.2	ilMelAtha1.2	Mellicta athalia	113330
GCA_935421215.2	icMelMelo1.2	Melolontha melolontha	7061
GCA_028018845.1	bMelGeo1.pri	Melospiza georgiana	44398
GCA_914767715.1	tzMemMemb1.1	Membranipora membranacea	95170
GCA_949987695.1	idMerWest1.1	Merzomyia westermanni	2795681
GCA_916614155.1	ilMesFuru1.1	Mesoligia furuncula	997551
GCA_025265405.1	mMesDen1 primary haplotype	Mesoplodon densirostris	48708
GCA_950004255.1	iuMesFusc1.1	Mesopsocus fuscifrons	2866285
GCA_933210815.1	qqMetBour1.1	Meta bourneti	1926196
GCA_949699065.1	ilMetItal3.1	Metalampra italica	1101017
GCA_947359465.1	qqMetSegm1.1	Metellina segmentata	94026
GCA_949775045.1	jaMetSeni4.1	Metridium senile	6116
GCA_939531405.1	gsMetZobe1.1	Metschnikowia zobellii	27328
GCA_901765095.2	aMicUni1.2	Microcaecilia unicolor	1415580
GCA_949715475.1	idMicPoli1.1	Microchrysa polita	931518
GCA_944548615.1	ilMicArun2.1	Micropterix aruncella	1042620
GCA_933228765.1	ilMilMini2.1	Miltochrista miniata	987980
GCA_947623455.1	xbMimVari1.1	Mimachlamys varia	50417
GCA_905332985.1	ilMimTili1.1	Mimas tiliae	522848
GCA_917499265.3	iyMimDahl1.3	Mimumesa dahlbomi	2495085
GCA_028551445.1	Miopithecus_talapoin_HiC	Miopithecus talapoin	36231
GCA_946800315.1	daMisOron1.1	Misopates orontium	102599
GCA_947458855.1	ilMonLaev1.1	Monopis laevigella	691988
GCA_949126865.1	jaMonCapi2.1	Montipora capitata	46704
GCA_943193625.1	gzMucPiri1.1	Mucor piriformis	105697
GCA_949126915.1	ilMusNiti1.1	Musotima nitidalis	753371
GCA_930367185.1	idMyaFlor2.1	Myathropa florea	2714349
GCA_943737955.1	idMyoTess1.1	Myopa tessellatipennis	2829445
GCA_949629155.1	idMyoTest1.1	Myopa testacea	2867102
GCA_929112965.1	ilMytAlbi1.1	Mythimna albipuncta	987983
GCA_910589285.2	ilMytFerr1.2	Mythimna ferrago	997540
GCA_905147345.3	ilMytImpu1.3	Mythimna impura	987985
GCA_949319445.1	ilMytLalu1.1	Mythimna lalbum	987427
GCA_949316375.1	ilMytVite1.1	Mythimna vitellina	987991
GCA_028533885.1	Nasua_narica_HiC	Nasua narica	352831
GCA_944738965.1	icNebBrev1.1	Nebria brevicollis	110024
GCA_944039245.1	icNebSali1.1	Nebria salina	878211
GCA_946902875.1	ilNemSwae1.1	Nematopogon swammerdamellus	753375
GCA_947369275.1	idNemNigr1.1	Nemotelus nigrinus	343700
GCA_921293005.1	ipNemDubi1.1	Nemoura dubitans	2014036
GCA_921293315.2	ipNemPict2.2	Nemurella pictetii	143722
GCA_027579695.1	fNeoGra1.pri	Neoarius graeffei	443677
GCA_947623515.1	idNeoInte1.1	Neoascia interrupta	2867103
GCA_028018385.1	mNeoNeb1.pri	Neofelis nebulosa	61452
GCA_947538895.1	idNeoCyan1.1	Neoitamus cyanurus	468767
GCA_947095585.1	idNepScut1.1	Nephrocerus scutellatus	566305
GCA_947310385.1	idNepAppe1.1	Nephrotoma appendiculata	2741127
GCA_932526605.1	idNepFlae1.1	Nephrotoma flavescens	2719080
GCA_946811545.1	iyNetDila1.1	Netelia dilatata	2866289
GCA_951394045.1	pyDurOcul1.Nitzschia_sp_1.1	Nitzschia sp. DOCU1	3041873
GCA_905163415.1	ilNocFimb1.1	Noctua fimbriata	753202
GCA_910589295.1	ilNocJant1.1	Noctua janthe	987995
GCA_905220335.1	ilNocPron1.1	Noctua pronuba	214277
GCA_907165295.1	iyNomFabr1.1	Nomada fabriciana	601510
GCA_948146005.1	iyNomFuca1.1	Nomada fucata	481570
GCA_028372415.1	mMacEug1.pri	Notamacropus eugenii	9315
GCA_905163555.1	ilNotUddm1.1	Notocelia uddmanniana	1594315
GCA_905147325.1	ilNotDrom1.1	Notodonta dromedarius	753204
GCA_918843915.1	ilNotZicz1.1	Notodonta ziczac	988002
GCA_949606895.1	fNotRos5.1	Notothenia rossii	101497
GCA_936439885.1	idNowFero1.1	Nowickia ferox	613196
GCA_947037095.1	ilNycReva1.1	Nycteola revayana	988004
GCA_013368605.1	bNycGra1.pri	Nyctibius grandis	48427
GCA_905220585.2	ilNymPoly1.2	Nymphalis polychloros	171594
GCA_905147175.2	ilAglUrti1.2	Nymphalis urticae	111881
GCA_947347705.1	ilNymNiti1.1	Nymphula nitidulata	1594316
GCA_910591585.2	iyNysSpin1.2	Nysson spinosus	2495127
GCA_905404295.2	ilOchSylv3.2	Ochlodes sylvanus	876063
GCA_951361185.1	ilOchDupl1.1	Ochropacha duplaris	721156
GCA_905475445.1	ilOchPlec1.1	Ochropleura plecta	320037
GCA_910593695.2	icOcyOlen1.2	Ocypus olens	662956
GCA_027942865.1	fOdoBon6.hap1	Odontesthes bonariensis	219752
GCA_949825065.1	iiOdoAlbi1.1	Odontocerum albicorne	446452
GCA_949316235.1	ilOegQuad1.1	Oegoconia quadripuncta	347754
GCA_948474745.1	ilOliLatr1.1	Oligia latruncula	988008
GCA_916610215.1	ilOmpLuno1.1	Omphaloscelis lunosa	2492375
GCA_932527175.1	ilOpeBrum1.1	Operophtera brumata	104452
GCA_944452715.1	iyOphLute1.1	Ophion luteus	1539398
GCA_943142095.1	icOphArdo1.1	Ophonus ardosiacus	247415
GCA_931315375.2	ilOpiLute1.2	Opisthograptis luteolata	934882
GCA_916999025.1	ilOrgAnti1.1	Orgyia antiqua	335469
GCA_949775005.1	ilOrtGoth1.1	Orthosia gothica	43337
GCA_947562075.1	ilOrtGrac1.1	Orthosia gracilis	997542
GCA_948252205.1	ilOrtInce1.1	Orthosia incerta	988011
GCA_947507565.1	ooOscLobu1.1	Oscarella lobularis	121494
GCA_028658305.1	Pachyuromys_duprasi_HiC	Pachyuromys duprasi	298894
GCA_947086415.1	ilPamAuri1.1	Pammene aurita	1870148
GCA_911728535.1	ilPamFasc1.1	Pammene fasciana	1101027
GCA_932294345.1	ilPanCinn1.1	Pandemis cinnamomeana	753214
GCA_949127965.1	ilPanCory1.1	Pandemis corylana	1101029
GCA_028533385.1	Panthera_onca_HiC	Panthera onca	9690
GCA_028645565.1	Papio_papio_HiC	Papio papio	100937
GCA_900634625.2	fParRan2.2	Parambassis ranga	210632
GCA_910589355.1	ilParStra1.1	Parapoynx stratiotata	1594321
GCA_949128135.1	qqParLuna2.1	Parasteatoda lunata	1871986
GCA_948474765.1	xgPatDepr1.1	Patella depressa	87960
GCA_917208275.1	xgPatPell1.1	Patella pellucida	88005
GCA_933228935.1	iyPemLugu1.1	Pemphredon lugubris	2495172
GCA_911728515.1	ilPerRhom1.1	Peribatodes rhomboidaria	190356
GCA_949715065.1	ihPerAcec1.1	Periphyllus acericola	1425412
GCA_951640565.1	ilPetChlo1.1	Petrophora chlorosata	875879
GCA_947044365.1	odPetFici3.1	Petrosia ficiformis	68564
GCA_949628215.1	bGulAri2.1	Phalacrocorax aristotelis	126867
GCA_028646595.1	pg-2k	Phalanger gymnotis	65615
GCA_905147815.2	ilPhaBuce1.2	Phalera bucephala	753216
GCA_949628195.1	idPhaObes1.1	Phasia obesa	1918144
GCA_905404115.1	ilPheGnom1.1	Pheosia gnoma	988018
GCA_905333125.1	ilPheTrem1.1	Pheosia tremula	988019
GCA_943735915.1	idPheCory1.1	Pherbina coryleti	1096077
GCA_918857605.2	ilPhiVetu1.2	Philereme vetulata	934888
GCA_932526585.2	icPhiCogn1.2	Philonthus cognatus	346820
GCA_905147745.2	ilPhlMeti2.2	Phlogophora meticulosa	875884
GCA_009819775.1	bPhoRub2.pri	Phoenicopterus ruber ruber	9218
GCA_020510985.1	fPhoLeu1.pri	Pholidichthys leucotaenia	390368
GCA_910591455.2	fPhoGun1.2	Pholis gunnellus	56726
GCA_921293015.1	xgPhoLine1.1	Phorcus lineatus	1620919
GCA_944588485.1	icSilAtra2.1	Phosphuga atrata	414934
GCA_949152265.1	fPhoPho1.1	Phoxinus phoxinus	58324
GCA_932526445.1	ilPhrFuli1.1	Phragmatobia fuliginosa	214311
GCA_941918925.1	idPhyMeln1.1	Phyto melanocephala	1262321
GCA_903992545.1	mPipPip1.1	Pipistrellus pipistrellus	59474
GCA_943735955.1	wrPisGeom1.1	Piscicola geometra	60958
GCA_950023065.1	ihPlaCitr1.1	Planococcus citri	170843
GCA_949316205.1	fPlaFle2.1	Platichthys flesus	8260
GCA_916050605.2	idPlaAlba1.2	Platycheirus albimanus	414846
GCA_933228895.1	ioPlaPenn1.1	Platycnemis pennipes	126231
GCA_949748235.1	icPlaCyli4.1	Platypus cylindrus	298138
GCA_905404155.3	ilPleArgu1.3	Plebejus argus	242267
GCA_950381575.1	ilPluFest1.1	Plusia festucae	254382
GCA_017639485.1	bPluApr1.pri	Pluvialis apricaria	670352
GCA_932274525.1	icPodAlpi1.1	Podabrus alpinus	1553677
GCA_028020825.1	bPodStr1.pri	Podargus strigoides	8905
GCA_947095535.1	idPoeNobi2.1	Poecilobothrus nobilitatus	369887
GCA_015220805.1	bPogPus1.pri	Pogoniulus pusillus	488313
GCA_951329385.1	ilPolNebu2.1	Polia nebulosa	988024
GCA_947397865.1	idPolDomi1.1	Polietes domitor	2866287
GCA_949987615.1	fPolPol2.1	Pollachius pollachius	185739
GCA_943735925.1	idPolAmen1.1	Pollenia amentaria	670595
GCA_930367215.1	idPolAngu1.1	Pollenia angustigena	1266490
GCA_949318255.1	idPolLabi1.1	Pollenia labialis	1266491
GCA_935413205.1	icPolCerv1.1	Polydrusus cervinus	202137
GCA_934048045.1	dcPolAvic1.1	Polygonum aviculare	137693
GCA_949091785.1	ilPolLich1.1	Polymixis lichenea	1870252
GCA_937595015.1	ilPolIcar1.1	Polyommatus icarus	265386
GCA_950295325.1	cbPolComm4.1	Polytrichum commune	3213
GCA_020800305.1	bPorHoc1.mat.Z.cur	Porphyrio hochstetteri	439704
GCA_951640195.1	gfPorCaly1.1	Porpolomopsis calyptriformis	1398758
GCA_949715645.1	idPorMacu1.1	Portevinia maculata	226160
GCA_028658325.1	Potorous_gilbertii_HiC	Potorous gilbertii	173936
GCA_028534135.1	Potos_flavus_HiC	Potos flavus	29067
GCA_028646535.1	pl-1k	Procyon lotor	9654
GCA_932274085.1	idProAzur1.1	Protocalliphora azurea	226133
GCA_936450705.2	ilProPyga1.2	Protodeltote pygarga	708063
GCA_947568835.1	ipProMont4.1	Protonemura montana	2884235
GCA_951394005.1	idProTerr1.1	Protophormia terraenovae	34676
GCA_949752745.1	wsProSpea1.1	Protula sp. h YS-2021	2886755
GCA_028646575.1	Pseudocheirus_occidentalis_HiC	Pseudocheirus occidentalis	656515
GCA_028646515.1	Pseudochirops_corinnae_HiC	Pseudochirops corinnae	65629
GCA_028627135.1	Pseudochirops_cupreus_HiC	Pseudochirops cupreus	37702
GCA_951640165.1	ilPsePras1.1	Pseudoips prasinana	2758353
GCA_028390025.1	aPseCor3.hap2	Pseudophryne corroboree	495146
GCA_028533765.1	Pteropus_rufus_HiC	Pteropus rufus	196297
GCA_911728475.2	icPteMadi1.2	Pterostichus madidus	767470
GCA_947425015.1	icPteNige1.1	Pterostichus niger	106386
GCA_914767695.1	ilPtiCapc1.1	Ptilodon capucinus	987449
GCA_947179395.2	daPulDyse1.2	Pulicaria dysenterica	56535
GCA_938743325.1	ucPycProv1.1	Pycnococcus provasolii	41880
GCA_947507595.1	ilPyrFari1.1	Pyralis farinalis	687122
GCA_949316185.1	ilPyrNigr1.1	Pyrausta nigrata	1660681
GCA_911387765.1	ilPyrMalv3.1	Pyrgus malvae	218760
GCA_905333025.2	icPyrSerr1.2	Pyrochroa serraticornis	346838
GCA_006182925.3	UL_REHI_2.0	Reinhardtius hippoglossoides	111784
GCA_905340355.1	icRhaFulv1.1	Rhagonycha fulva	41101
GCA_948150685.1	ihRhaNebu1.1	Rhaphigaster nebulosa	51622
GCA_028389875.1	bPtePen1.pri	Rhea pennata	8795
GCA_901001135.2	aRhiBiv1.2	Rhinatrema bivittatum	194408
GCA_932526625.1	idRhiCamp1.1	Rhingia campestris	226161
GCA_949824845.1	idRhiRost1.1	Rhingia rostrata	2721518
GCA_028646465.1	Rhinoceros_unicornis_HiC	Rhinoceros unicornis	9809
GCA_944452935.1	iyRhoChlo1.1	Rhogogaster chlorosoma	1385029
GCA_027574665.1	bRhyJub1.pri	Rhynochetos jubatus	54386
GCA_947034895.1	cbRhyLore1.1	Rhytidiadelphus loreus	28468
GCA_949710005.1	jaRicFlor1.1	Ricordea florida	165100
GCA_028533395.1	Rousettus_madagascariensis_HiC	Rousettus madagascariensis	77223
GCA_936432065.2	icLepMacu1.2	Rutpela maculata	878968
GCA_916048095.2	qxSacCarc1.2	Sacculina carcini	51650
GCA_901001165.2	fSalTru1.2	Salmo trutta	8032
GCA_949788335.1	icSalPlan1.1	Salpingus planirostris	577144
GCA_949130495.1	daSamNigr1.1	Sambucus nigra	4202
GCA_927399465.1	idSarCaer1.1	Sarcophaga caerulescens	596942
GCA_930367235.1	idSarRose1.1	Sarcophaga rosellei	1206372
GCA_936449025.2	idSarSubv1.2	Sarcophaga subvicina	236850
GCA_932273835.1	idSarVari1.1	Sarcophaga variegata	236851
GCA_947532125.1	ilSatPavo1.1	Saturnia pavonia	332931
GCA_905146935.1	idScaPyra1.1	Scaeva pyrastri	219539
GCA_905475405.1	ilSchCost1.1	Schrankia costaestrigalis	411963
GCA_902686455.2	mSciVul1.2	Sciurus vulgaris	55149
GCA_949320045.1	ilScoBipu1.1	Scotopteryx bipunctaria	987009
GCA_949820665.1	ilScrCost1.1	Scrobipalpa costella	1858070
GCA_946896805.1	daScuGale1.1	Scutellaria galericulata	53169
GCA_902713615.2	sScyCan1.2	Scyliorhinus canicula	7830
GCA_913789895.3	iySelTumu1.3	Seladonia tumulorum	115100
GCA_917880725.1	ilSelDent1.1	Selenia dentaria	934894
GCA_914767545.1	ilSesApif2.1	Sesia apiformis	748215
GCA_943735995.1	ilSesBemb1.1	Sesia bembeciformis	287197
GCA_947562105.1	ilShaVerb5.1	Shargacucullia verbasci	987469
GCA_948330725.1	daSheArve1.1	Sherardia arvensis	29803
GCA_949319165.1	ikSiaLuta1.1	Sialis lutaria	279420
GCA_922984085.1	idSicFerr1.1	Sicus ferrugineus	1219204
GCA_946808225.1	fSilAri3.1	Silurus aristotelis	933932
GCA_949825025.1	ieSipAlte2.1	Siphlonurus alternatus	248243
GCA_900880675.2	fSpaAur1.2	Sparus aurata	8175
GCA_943590905.1	idSphTaen1.1	Sphaerophoria taeniata	2735243
GCA_913789915.3	iySphMoni1.3	Sphecodes monilicornis	1190790
GCA_951509765.1	idSphMarg1.1	Sphenella marginata	594017
GCA_027474245.1	bSphHub1.pri	Spheniscus humboldti	9240
GCA_947568825.1	ilSphPina1.1	Sphinx pinastri	987436
GCA_916048165.1	ilSpiLutu1.1	Spilarctia lutea	875881
GCA_905220595.1	ilSpiLubr1.1	Spilosoma lubricipeda	875880
GCA_947247005.1	xbSpiSoli1.1	Spisula solida	31201
GCA_949361645.1	odSpoLacu1.1	Spongilla lacustris	6055
GCA_943735885.1	iyStePhae1.1	Stelis phaeoptera	2249760
GCA_028646385.1	Steno_bredanensis_HiC	Steno bredanensis	46167
GCA_944452665.1	ilSteBipu1.1	Stenoptilia bipunctidactyla	1660692
GCA_009819605.1	bSteHir1.pri	Sterna hirundo	108405
GCA_916613615.1	xgSteCine2.1	Steromphala cineraria	216125
GCA_942159475.1	wpSthLimi1.1	Sthenelais limicola	1210413
GCA_933228675.1	idStoLuna1.1	Stomorhina lunata	1606781
GCA_901699155.2	bStrTur1.2	Streptopelia turtur	177155
GCA_949358305.1	qcStrAcum1.1	Strigamia acuminata	1255758
GCA_949127995.1	idSuiVari3.1	Suillia variegata	1230148
GCA_009819655.1	bSylAtr1.pri	Sylvia atricapilla	48155
GCA_014839755.1	bSylBor1.pri	Sylvia borin	73324
GCA_015711505.1	Sylvilagus_bachmani_HiC	Sylvilagus bachmani	365149
GCA_947579665.1	ioSymStri1.1	Sympetrum striolatum	6969
GCA_947650265.1	fSymMel2.1	Symphodus melops	171736
GCA_936446665.2	ilSynAndr1.2	Synanthedon andrenaeformis	1108569
GCA_945859745.1	ilSynForm1.1	Synanthedon formicaeformis	301036
GCA_944738685.1	ilSynMyop1.1	Synanthedon myopaeformis	1108570
GCA_947623395.1	ilSynTipu2.1	Synanthedon tipuliformis	301680
GCA_918317495.1	ilSynVesp1.1	Synanthedon vespiformis	1660703
GCA_905187475.1	idSyrPipi1.1	Syritta pipiens	34682
GCA_905220375.1	idTacFera2.1	Tachina fera	631328
GCA_949987645.1	idTacGros1.1	Tachina grossa	141258
GCA_944452675.1	idTacLuri1.1	Tachina lurida	631329
GCA_901000725.3	fTakRub1.3	Takifugu rubripes	31033
GCA_023851605.1	mTamTet1.pri	Tamandua tetradactyla	48850
GCA_910589615.1	fTauBub2.1	Taurulus bubalis	61643
GCA_020745685.1	fTauAds1.pri.cur	Tautogolabrus adspersus	34787
GCA_948473455.1	ilTelLucu1.1	Teleiodes luculella	1101163
GCA_933228915.1	fTelBon1.1	Telmatherina bonti	446457
GCA_947538915.1	iyTenDist1.1	Tenthredo distinguenda	1385102
GCA_943736025.1	iyTenMeso1.1	Tenthredo mesomela	222778
GCA_914767705.2	iyTenNoth1.2	Tenthredo notha	362091
GCA_949152475.1	wtTerLapi1.1	Terebella lapidaria	1131437
GCA_951216915.1	ilTetFluc1.1	Tetheella fluctuosa	721173
GCA_937625935.1	paTetJugo1.1	Tetramitus jugosus	166959
GCA_948465475.1	ilThaMatu1.1	Thalpophila matura	987451
GCA_914767995.1	idTheAcut1.1	Thecocarcelia acutangulata	1918310
GCA_937620795.1	idTheAtra2.1	Thecophora atra	1219171
GCA_947397855.1	idTheSoli1.1	Thelaira solivaga	1918187
GCA_939531255.2	ilTheBrit1.2	Thera britannica	987013
GCA_947578465.1	ilTheObel3.1	Thera obeliscata	934896
GCA_949987705.1	idTheUnic2.1	Thereva unica	2867258
GCA_020745775.1	bTheCae1.pri.cur	Theristicus caerulescens	1118847
GCA_943138885.2	ilThoDeci1.2	Tholera decimalis	988041
GCA_947034885.1	cbThuTama2.1	Thuidium tamariscinum	67428
GCA_948477245.1	ilThuSene1.1	Thumatha senex	997290
GCA_905147785.1	ilThyBati1.1	Thyatira batis	721163
GCA_911387775.1	ilThySylv1.1	Thymelicus sylvestris	272628
GCA_007210705.1	Tcal_SD_v2.1	Tigriopus californicus	6832
GCA_948098905.1	ilTilAura1.1	Tiliacea aurago	988162
GCA_948150575.1	ilTinPell1.1	Tinea pellionella	41014
GCA_910589645.1	ilTinSemi1.1	Tinea semifulvella	1101063
GCA_905220615.1	ilTinTrin1.1	Tinea trinotella	1594354
GCA_944319695.1	iyTipFemo1.1	Tiphia femorata	330862
GCA_947859335.1	ilTorAlte1.1	Tortricodes alternella	116138
GCA_028533065.1	Trachops_cirrhosus_HiC	Trachops cirrhosus	148073
GCA_905171665.2	fTraTra1.2	Trachurus trachurus	36212
GCA_028551375.1	Tremarctos_ornatus_HiC	Tremarctos ornatus	9638
GCA_943193705.1	grTriPseu1.1	Trichoderma pseudokoningii	317029
GCA_949775025.1	idTriPrae1.1	Tricholauxania praeusta	1824988
GCA_030014385.1	fTriRos1.hap1	Trichomycterus rosablanca	2290929
GCA_943736015.1	xbTriCroc3.1	Tridacna crocea	80833
GCA_945859785.2	xbTriGiga4.2	Tridacna gigas	80829
GCA_947095525.1	ilTriEmor1.1	Trisateles emortualis	753441
GCA_020746105.1	bTroSur1.pri.cur	Trogon surrucura	297711
GCA_949699805.1	iyTroLine1.1	Tromatobia lineatoria	2776060
GCA_947561695.1	ilTyrJaco4.1	Tyria jacobaeae	179666
GCA_947369235.1	ilUdeOliv2.1	Udea olivalis	1002971
GCA_028551405.1	Uromys_caudimaculatus_HiC	Uromys caudimaculatus	36800
GCA_905220365.2	ilVanCard2.2	Vanessa cardui	171605
GCA_028533085.1	Varecia_variegata_HiC	Varecia variegata	9455
GCA_951394065.1	ilVenCamb1.1	Venusia cambrica	572911
GCA_905340365.1	iyVesGerm1.1	Vespula germanica	30212
GCA_951394055.1	idVilCing2.1	Villa cingulata	2753613
GCA_024294585.1	rVipLat1.pri	Vipera latastei	246179
GCA_947247035.1	rVipUrs1.1	Vipera ursinii	103942
GCA_949129095.1	idVolBomb1.1	Volucella bombylans	1352473
GCA_907269105.1	idVolInan1.1	Volucella inanis	226151
GCA_928272305.1	idVolInfl1.1	Volucella inflata	226149
GCA_929442735.1	ilWatBina1.1	Watsonalla binaria	721165
GCA_949128155.1	ilXanIcte2.1	Xanthia icteritia	987434
GCA_910595825.1	idXanPedi1.1	Xanthogramma pedissequum	414876
GCA_947086425.1	ilXanSpad1.1	Xanthorhoe spadicearia	934904
GCA_014839995.1	fXenCan1.pri	Xenentodon cancila	129108
GCA_028644305.1	Xerus_rutilus_HiC	Xerus rutilus	226860
GCA_916618015.1	ilXesCnig1.1	Xestia c-nigrum	987431
GCA_941918905.2	ilXesSexs1.2	Xestia sexstrigata	997545
GCA_905147715.2	ilXesXant1.2	Xestia xanthographa	988049
GCA_935421205.1	ilXylAreo1.1	Xylocampa areola	1870430
GCA_905220385.1	idXylSylv2.1	Xylota sylvarum	374264
GCA_947310995.1	ilYpoCagn1.1	Yponomeuta cagnagella	2567736
GCA_947311075.1	ilYpoPade2.1	Yponomeuta padella	2567738
GCA_947310845.1	ilYpoPlub1.1	Yponomeuta plumbellus	1594356
GCA_947308005.1	ilYpoRore1.1	Yponomeuta rorrellus	263928
GCA_934045075.1	ilYpoSedl1.1	Yponomeuta sedellus	263933
GCA_910592155.1	ilYpsScab1.1	Ypsolopha scabrella	1870435
GCA_934047225.1	ilYpsSequ2.1	Ypsolopha sequella	1870436
GCA_949319315.1	ilZelHepa1.1	Zelleria hepariella	1594360
GCA_907165235.1	ilZeuPyri1.1	Zeuzera pyrina	1101072
GCA_907165275.2	ilZygFili1.2	Zygaena filipendulae	287375
